{
  "chars": 1632.57,
  "chars:std": 595.3556626924783,
  "score:std": 0.49749371855331,
  "score": 0.55
}