{
  "chars": 2026.2,
  "chars:std": 186.45793091204246,
  "score:std": 0.30000000000000004,
  "score": 0.1
}