{
  "bn": 0.2,
  "bn:std": 0.4000000000000001,
  "group_non_latin": 0.43333333333333335,
  "group_non_latin:std": 0.49553562491061687,
  "score:std": 0.48989794855663565,
  "de": 0.7,
  "de:std": 0.45825756949558394,
  "group_latin": 0.8,
  "group_latin:std": 0.4,
  "en": 0.9,
  "en:std": 0.30000000000000004,
  "es": 0.8,
  "es:std": 0.4,
  "fr": 0.8,
  "fr:std": 0.4,
  "ja": 0.6,
  "ja:std": 0.48989794855663565,
  "ru": 0.8,
  "ru:std": 0.4,
  "sw": 0.8,
  "sw:std": 0.4,
  "te": 0.0,
  "te:std": 0.0,
  "th": 0.2,
  "th:std": 0.4000000000000001,
  "zh": 0.8,
  "zh:std": 0.4,
  "score": 0.6
}