{
  "em_score": 0.9,
  "em_score:std": 0.30000000000000004,
  "f1_score": 90.0,
  "f1_score:std": 30.0,
  "score:std": 0.30000000000000004,
  "score": 0.9
}